grid,JB1171,JB1174,JB899,grid,JB845,JB762,JB939,grid,JB837,JB943,JB1174,grid,JB760,JB931,JB1206,grid,JB918,JB902,JB864,grid,JB1180,JB872,JB917,grid,JB841,JB22,JB22,grid,JB872,JB842,JB930,grid,JB862,JB930,JB913,grid,JB858,JB875,JB848,grid,JB942,JB846,JB858,grid,JB873,JB872,JB913
JB1205,JB842,JB872,JB916,JB875,JB762,JB916,JB1207,JB943,JB1174,JB854,JB852,JB1154,JB852,JB758,JB914,JB902,JB871,JB762,JB1197,JB1174,JB846,JB22,JB758,JB1171,JB1207,JB872,JB934,JB899,JB879,JB854,JB848,JB848,JB934,JB853,JB846,JB845,JB842,JB1206,JB1174,JB902,JB1154,JB1174,JB845,JB4,JB22,JB838,JB4
JB871,extragrid,JB875,JB1171,JB942,extragrid,JB862,JB845,JB900,extragrid,JB838,JB837,JB858,extragrid,JB1117,JB760,JB22,extragrid,JB862,JB918,JB929,extragrid,JB939,JB1180,JB22,extragrid,JB899,JB841,JB913,extragrid,JB758,JB872,JB884,extragrid,JB874,JB862,JB858,extragrid,JB4,JB858,JB841,extragrid,JB953,JB942,JB934,extragrid,JB838,JB873
JB1174,JB899,JB1205,grid,JB762,JB939,JB875,grid,JB943,JB1174,JB943,grid,JB931,JB1206,JB1154,grid,JB902,JB864,JB902,grid,JB872,JB917,JB1174,grid,JB22,JB22,JB1171,grid,JB842,JB930,JB899,grid,JB930,JB913,JB848,grid,JB875,JB848,JB845,grid,JB846,JB858,JB902,grid,JB872,JB913,JB4,grid
grid,JB939,JB869,JB840,grid,JB853,JB22,JB846,grid,JB918,JB931,JB1180,grid,JB842,JB22,JB916,grid,JB913,JB884,JB837,grid,JB758,JB854,JB1174,grid,JB4,JB864,JB873,grid,JB902,JB934,JB914,grid,JB1207,JB1197,JB874,grid,JB22,JB943,JB22,grid,JB842,JB853,JB1205,grid,JB1205,JB1197,JB938
JB862,JB4,JB869,JB1180,JB842,JB846,JB884,JB930,JB842,JB874,JB841,JB840,JB853,JB938,JB22,JB1207,JB942,JB840,JB848,JB943,JB1180,JB1110,JB873,JB837,JB938,JB837,JB1197,JB22,JB22,JB899,JB884,JB22,JB22,JB953,JB910,JB873,JB875,JB840,JB852,JB1174,JB916,JB934,JB858,JB864,JB845,JB934,JB1180,JB845
JB1154,extragrid,JB910,JB939,JB22,extragrid,JB840,JB853,JB838,extragrid,JB943,JB918,JB1205,extragrid,JB1110,JB842,JB846,extragrid,JB873,JB913,JB931,extragrid,JB1171,JB758,JB1171,extragrid,JB914,JB4,JB938,extragrid,JB878,JB902,JB864,extragrid,JB1207,JB1207,JB1197,extragrid,JB875,JB22,JB939,extragrid,JB1205,JB842,JB845,extragrid,JB1180,JB1205
JB869,JB840,JB862,grid,JB22,JB846,JB842,grid,JB931,JB1180,JB842,grid,JB22,JB916,JB853,grid,JB884,JB837,JB942,grid,JB854,JB1174,JB1180,grid,JB864,JB873,JB938,grid,JB934,JB914,JB22,grid,JB1197,JB874,JB22,grid,JB943,JB22,JB875,grid,JB853,JB1205,JB916,grid,JB1197,JB938,JB845,grid
grid,JB841,JB1117,JB875,grid,JB838,JB918,JB917,grid,JB852,JB917,JB840,grid,JB929,JB22,JB22,grid,JB838,JB845,JB762,grid,JB1110,JB879,JB1207,grid,JB864,JB934,JB838,grid,JB910,JB871,JB1117,grid,JB760,JB869,JB854,grid,JB869,JB22,JB884,grid,JB910,JB848,JB22,grid,JB910,JB848,JB929
JB22,JB870,JB871,JB939,JB939,JB1205,JB872,JB871,JB929,JB1154,JB841,JB910,JB943,JB1206,JB1110,JB879,JB931,JB862,JB918,JB841,JB939,JB871,JB914,JB841,JB854,JB872,JB841,JB953,JB953,JB884,JB938,JB1206,JB916,JB864,JB918,JB902,JB869,JB929,JB913,JB900,JB913,JB942,JB930,JB931,JB848,JB914,JB943,JB848
JB902,extragrid,JB875,JB841,JB879,extragrid,JB22,JB838,JB1180,extragrid,JB862,JB852,JB842,extragrid,JB848,JB929,JB1171,extragrid,JB842,JB838,JB854,extragrid,JB1110,JB1110,JB22,extragrid,JB934,JB864,JB913,extragrid,JB22,JB910,JB874,extragrid,JB840,JB760,JB758,extragrid,JB879,JB869,JB878,extragrid,JB931,JB910,JB838,extragrid,JB943,JB910
JB1117,JB875,JB22,grid,JB918,JB917,JB939,grid,JB917,JB840,JB929,grid,JB22,JB22,JB943,grid,JB845,JB762,JB931,grid,JB879,JB1207,JB939,grid,JB934,JB838,JB854,grid,JB871,JB1117,JB953,grid,JB869,JB854,JB916,grid,JB22,JB884,JB869,grid,JB848,JB22,JB913,grid,JB848,JB929,JB848,grid
grid,JB1171,JB902,JB845,grid,JB1154,JB838,JB910,grid,JB4,JB872,JB1206,grid,JB873,JB879,JB939,grid,JB899,JB762,JB942,grid,JB879,JB942,JB878,grid,JB1110,JB852,JB1206,grid,JB913,JB953,JB1154,grid,JB1180,JB878,JB4,grid,JB916,JB1171,JB22,grid,JB878,JB953,JB874,grid,JB878,JB22,JB869
JB1117,JB930,JB845,JB953,JB1171,JB22,JB862,JB917,JB871,JB879,JB918,JB942,JB760,JB1207,JB939,JB929,JB942,JB864,JB910,JB913,JB758,JB840,JB917,JB760,JB22,JB878,JB838,JB22,JB929,JB870,JB22,JB875,JB1207,JB875,JB4,JB22,JB930,JB858,JB1180,JB854,JB914,JB874,JB845,JB934,JB884,JB22,JB862,JB884
JB916,extragrid,JB858,JB1171,JB853,extragrid,JB918,JB1154,JB913,extragrid,JB22,JB4,JB22,extragrid,JB870,JB873,JB853,extragrid,JB930,JB899,JB854,extragrid,JB852,JB879,JB22,extragrid,JB871,JB1110,JB1117,extragrid,JB1154,JB913,JB852,extragrid,JB760,JB1180,JB1180,extragrid,JB943,JB916,JB846,extragrid,JB762,JB878,JB917,extragrid,JB862,JB878
JB902,JB845,JB1117,grid,JB838,JB910,JB1171,grid,JB872,JB1206,JB871,grid,JB879,JB939,JB760,grid,JB762,JB942,JB942,grid,JB942,JB878,JB758,grid,JB852,JB1206,JB22,grid,JB953,JB1154,JB929,grid,JB878,JB4,JB1207,grid,JB1171,JB22,JB930,grid,JB953,JB874,JB914,grid,JB22,JB869,JB884,grid
grid,JB942,JB22,JB848,grid,JB930,JB4,JB929,grid,JB934,JB878,JB1154,grid,JB846,JB900,JB862,grid,JB758,JB900,JB871,grid,JB853,JB1171,JB862,grid,JB900,JB914,JB862,grid,JB913,JB22,JB842,grid,JB1117,JB22,JB870,grid,JB837,JB870,JB1197,grid,JB1174,JB869,JB939,grid,JB1174,JB918,JB1206
JB878,JB1110,JB853,JB1110,JB918,JB931,JB1171,JB1117,JB942,JB838,JB862,JB760,JB931,JB1117,JB22,JB4,JB762,JB1197,JB878,JB938,JB931,JB864,JB1206,JB874,JB914,JB758,JB873,JB864,JB900,JB760,JB846,JB858,JB938,JB874,JB22,JB943,JB760,JB848,JB22,JB938,JB884,JB1207,JB910,JB902,JB913,JB910,JB871,JB913
JB900,extragrid,JB914,JB942,JB854,extragrid,JB916,JB930,JB869,extragrid,JB1206,JB934,JB902,extragrid,JB879,JB846,JB760,extragrid,JB874,JB758,JB22,extragrid,JB931,JB853,JB842,extragrid,JB873,JB900,JB841,extragrid,JB929,JB913,JB942,extragrid,JB837,JB1117,JB1180,extragrid,JB22,JB837,JB899,extragrid,JB910,JB1174,JB1171,extragrid,JB871,JB1174
JB22,JB848,JB878,grid,JB4,JB929,JB918,grid,JB878,JB1154,JB942,grid,JB900,JB862,JB931,grid,JB900,JB871,JB762,grid,JB1171,JB862,JB931,grid,JB914,JB862,JB914,grid,JB22,JB842,JB900,grid,JB22,JB870,JB938,grid,JB870,JB1197,JB760,grid,JB869,JB939,JB884,grid,JB918,JB1206,JB913,grid
grid,JB914,JB1205,JB858,grid,JB884,JB22,JB871,grid,JB953,JB864,JB845,grid,JB22,JB841,JB943,grid,JB840,JB870,JB852,grid,JB914,JB931,JB871,grid,JB930,JB22,JB938,grid,JB1180,JB1154,JB873,grid,JB938,JB929,JB1110,grid,JB1207,JB916,JB899,grid,JB22,JB900,JB931,grid,JB943,JB1110,JB760
JB22,JB22,JB22,JB1205,JB943,JB864,JB1197,JB1197,JB758,JB4,JB900,JB864,JB1154,JB852,JB1197,JB845,JB899,JB22,JB838,JB22,JB870,JB22,JB1117,JB869,JB869,JB837,JB1180,JB939,JB902,JB838,JB858,JB870,JB762,JB840,JB917,JB837,JB878,JB1110,JB870,JB917,JB4,JB913,JB900,JB4,JB875,JB22,JB858,JB875
JB1110,extragrid,JB1206,JB914,JB4,extragrid,JB914,JB884,JB22,extragrid,JB1174,JB953,JB910,extragrid,JB878,JB22,JB899,extragrid,JB848,JB840,JB953,extragrid,JB853,JB914,JB918,extragrid,JB884,JB930,JB762,extragrid,JB845,JB1180,JB869,extragrid,JB872,JB938,JB873,extragrid,JB872,JB1207,JB22,extragrid,JB1154,JB22,JB22,extragrid,JB858,JB943
JB1205,JB858,JB22,grid,JB22,JB871,JB943,grid,JB864,JB845,JB758,grid,JB841,JB943,JB1154,grid,JB870,JB852,JB899,grid,JB931,JB871,JB870,grid,JB22,JB938,JB869,grid,JB1154,JB873,JB902,grid,JB929,JB1110,JB762,grid,JB916,JB899,JB878,grid,JB900,JB931,JB4,grid,JB1110,JB760,JB875,grid
grid,JB854,JB874,JB1205,grid,JB929,JB1206,JB846,grid,JB934,JB870,JB852,grid,JB758,JB858,JB1117,grid,JB899,JB22,JB917,grid,JB853,JB943,JB879,grid,JB1205,JB22,JB938,grid,JB22,JB875,JB910,grid,JB938,JB1207,JB758,grid,JB854,JB762,JB837,grid,JB840,JB874,JB1197,grid,JB1171,JB873,JB840
JB1206,JB837,JB902,JB942,JB760,JB943,JB917,JB852,JB939,JB858,JB854,JB884,JB853,JB1117,JB22,JB762,JB934,JB1205,JB1171,JB1207,JB22,JB22,JB916,JB1174,JB846,JB837,JB900,JB837,JB1205,JB841,JB913,JB1206,JB848,JB869,JB22,JB22,JB22,JB953,JB930,JB899,JB879,JB879,JB873,JB862,JB842,JB1180,JB917,JB842
JB848,extragrid,JB938,JB854,JB22,extragrid,JB1197,JB929,JB758,extragrid,JB870,JB934,JB1117,extragrid,JB918,JB758,JB22,extragrid,JB838,JB899,JB853,extragrid,JB871,JB853,JB884,extragrid,JB842,JB1205,JB870,extragrid,JB930,JB22,JB22,extragrid,JB1205,JB938,JB872,extragrid,JB900,JB854,JB916,extragrid,JB872,JB840,JB1154,extragrid,JB917,JB1171
JB874,JB1205,JB1206,grid,JB1206,JB846,JB760,grid,JB870,JB852,JB939,grid,JB858,JB1117,JB853,grid,JB22,JB917,JB934,grid,JB943,JB879,JB22,grid,JB22,JB938,JB846,grid,JB875,JB910,JB1205,grid,JB1207,JB758,JB848,grid,JB762,JB837,JB22,grid,JB874,JB1197,JB879,grid,JB873,JB840,JB842,grid
grid,JB916,JB869,JB1206,grid,JB875,JB931,JB870,grid,JB902,JB846,JB845,grid,JB22,JB914,JB840,grid,JB22,JB22,JB864,grid,JB22,JB878,JB875,grid,JB841,JB902,JB854,grid,JB760,JB871,JB874,grid,JB760,JB934,JB938,grid,JB953,JB858,JB872,grid,JB884,JB853,JB918,grid,JB884,JB1174,JB853
JB852,JB846,JB875,JB878,JB953,JB899,JB930,JB918,JB875,JB838,JB852,JB762,JB874,JB910,JB4,JB869,JB22,JB1180,JB762,JB846,JB873,JB1174,JB943,JB22,JB917,JB878,JB760,JB930,JB899,JB929,JB1171,JB840,JB1174,JB22,JB902,JB917,JB929,JB938,JB953,JB22,JB845,JB1207,JB1154,JB929,JB864,JB853,JB900,JB864
JB846,extragrid,JB875,JB916,JB899,extragrid,JB930,JB875,JB838,extragrid,JB852,JB902,JB910,extragrid,JB4,JB22,JB1180,extragrid,JB762,JB22,JB1174,extragrid,JB943,JB22,JB878,extragrid,JB760,JB841,JB929,extragrid,JB1171,JB760,JB22,extragrid,JB902,JB760,JB938,extragrid,JB953,JB953,JB1207,extragrid,JB1154,JB884,JB853,extragrid,JB900,JB884
JB869,JB1206,JB852,grid,JB931,JB870,JB953,grid,JB846,JB845,JB875,grid,JB914,JB840,JB874,grid,JB22,JB864,JB22,grid,JB878,JB875,JB873,grid,JB902,JB854,JB917,grid,JB871,JB874,JB899,grid,JB934,JB938,JB1174,grid,JB858,JB872,JB929,grid,JB853,JB918,JB845,grid,JB1174,JB853,JB864,grid
